<?xml version="1.0"?>
<!--<!DOCTYPE metadata SYSTEM "http://www.esri.com/metadata/esriprof80.dtd">-->
<metadata xml:lang="en"><Esri><CreaDate>20100722</CreaDate><CreaTime>15050000</CreaTime><SyncOnce>FALSE</SyncOnce><DataProperties><lineage><Process Name="Create Feature Class" ToolSource="D:\Program Files\ArcGIS\ArcToolbox\Toolboxes\Data Management Tools.tbx\CreateFeatureclass" Date="20051101" Time="122516">CreateFeatureclass "Database Connections\ADMIN_DPD_GISP_SPU71.sde\DPD.ECA" flood # FLOOD_Layer SAME_AS_TEMPLATE SAME_AS_TEMPLATE "{B286C06B-0879-11D2-AACA-00C04FA33C20};1135651.233964 95504.3667765 7812.49999272404;0 100000;0 100000" # 10000 0 0 "Database Connections\ADMIN_DPD_GISP_SPU71.sde\DPD.ECA\DPD.flood"</Process><Process Name="Append" ToolSource="D:\Program Files\ArcGIS\ArcToolbox\Toolboxes\Data Management Tools.tbx\Append" Date="20051101" Time="122520">Append FLOOD_Layer "Database Connections\ADMIN_DPD_GISP_SPU71.sde\DPD.ECA\DPD.flood" TEST "Database Connections\ADMIN_DPD_GISP_SPU71.sde\DPD.ECA\DPD.flood"</Process><Process Name="FeatureClassToFeatureClass_16" ToolSource="D:\Program Files\ArcGIS\ArcToolbox\Toolboxes\Conversion Tools.tbx\FeatureClassToFeatureClass" Date="20051101" Time="122522">FeatureClassToFeatureClass K:\ARCVIEW\AVDATA\COVERS\FLOOD.shp "Database Connections\ADMIN_DPD_GISP_SPU71.sde\DPD.ECA" flood # "AREA AREA HIDDEN;PERIMETER PERIMETER HIDDEN;FLOOD_ FLOOD_ HIDDEN;FLOOD_ID FLOOD_ID HIDDEN;DONUT DONUT VISIBLE;FLOOD FLOOD VISIBLE" SAME_AS_TEMPLATE SAME_AS_TEMPLATE # 10000 "Database Connections\ADMIN_DPD_GISP_SPU71.sde\DPD.ECA\DPD.flood"</Process><Process Name="Append_6" ToolSource="C:\Program Files\ArcGIS\ArcToolbox\Toolboxes\Data Management Tools.tbx\Append" Date="20061128" Time="125903">Append BaseFloodElevation "Database Connections\DPD_Admin_GISP.sde\DPD.ECA\DPD.flood" NO_TEST "Database Connections\DPD_Admin_GISP.sde\DPD.ECA\DPD.flood"</Process><Process Name="Delete Features (3)" ToolSource="D:\ArcGIS\ArcToolbox\Toolboxes\Data Management Tools.tbx\DeleteFeatures" Date="20070816" Time="152253">DeleteFeatures "Database Connections\DPD_Admin_GISP.sde\DPD.ECA\DPD.flood" "Database Connections\DPD_Admin_GISP.sde\DPD.ECA\DPD.flood"</Process><Process Name="Append (3)" ToolSource="D:\ArcGIS\ArcToolbox\Toolboxes\Data Management Tools.tbx\Append" Date="20070816" Time="152315">Append flood_Union_final_Layer "Database Connections\DPD_Admin_GISP.sde\DPD.ECA\DPD.flood" NO_TEST "DONUT DONUT true true false 2 Short 0 1 ,First,#,U:\cgis3\ArcMap\Users\RobKnable\CreateFloodproneBuffer\flood_Union_final.shp,DONUT,-1,-1;FLOOD FLOOD true true false 1 Text 0 0 ,First,#,U:\cgis3\ArcMap\Users\RobKnable\CreateFloodproneBuffer\flood_Union_final.shp,FLOOD,-1,-1;SE_ANNO_CAD_DATA SE_ANNO_CAD_DATA true true false 0 Blob 0 0 ,First,#;AREA AREA false false true 0 Double 0 0 ,First,#,U:\cgis3\ArcMap\Users\RobKnable\CreateFloodproneBuffer\flood_Union_final.shp,AREA,-1,-1;LEN LEN false false true 0 Double 0 0 ,First,#" "Database Connections\DPD_Admin_GISP.sde\DPD.ECA\DPD.flood"</Process><Process ToolSource="D:\Program Files\ArcGIS\ArcToolbox\Toolboxes\Data Management Tools.tbx\DeleteFeatures" Date="20091214" Time="115517">DeleteFeatures DPD.flood DPD.flood</Process><Process ToolSource="D:\Program Files\ArcGIS\ArcToolbox\Toolboxes\Data Management Tools.tbx\Append" Date="20091214" Time="115559">Append floodbakwbuf2 DPD.flood NO_TEST "DONUT 'DONUT' true true false 2 Short 0 1 ,First,#,U:\cgis3\ArcView\ECABackups\floodbakwbuf2.shp,DONUT,-1,-1;FLOOD 'FLOOD' true true false 1 Text 0 0 ,First,#,U:\cgis3\ArcView\ECABackups\floodbakwbuf2.shp,FLOOD,-1,-1;SE_ANNO_CAD_DATA 'SE_ANNO_CAD_DATA' true true false 0 Blob 0 0 ,First,#;SHAPE.AREA 'SHAPE.AREA' false false true 0 Double 0 0 ,First,#;SHAPE.LEN 'SHAPE.LEN' false false true 0 Double 0 0 ,First,#" # DPD.flood</Process><Process ToolSource="D:\Program Files\ArcGIS\ArcToolbox\Toolboxes\Data Management Tools.tbx\DeleteFeatures" Date="20091214" Time="115731">DeleteFeatures DPD.flood DPD.flood</Process><Process Name="Delete Features (3)" ToolSource="C:\Program Files\ArcGIS\ArcToolbox\Toolboxes\Data Management Tools.tbx\DeleteFeatures" Date="20100202" Time="095023">DeleteFeatures "Database Connections\DPD_Admin_GISP.sde\DPD.ECA\DPD.flood" "Database Connections\DPD_Admin_GISP.sde\DPD.ECA\DPD.flood"</Process><Process Name="Append (3)" ToolSource="C:\Program Files\ArcGIS\ArcToolbox\Toolboxes\Data Management Tools.tbx\Append" Date="20100202" Time="095029">Append ECA_SPU_Floodprone1_Layer "Database Connections\DPD_Admin_GISP.sde\DPD.ECA\DPD.flood" NO_TEST "DONUT 'DONUT' true true false 2 Short 0 1 ,First,#;FLOOD 'FLOOD' true true false 1 Text 0 0 ,First,#,U:\cgis3\ArcMap\Users\KenMar\FloodPlainWork\DerivedLayers\ECA_SPU_Floodprone1.shp,flood,-1,-1;SE_ANNO_CAD_DATA 'SE_ANNO_CAD_DATA' true true false 0 Blob 0 0 ,First,#;SHAPE.AREA 'SHAPE.AREA' false false true 0 Double 0 0 ,First,#;SHAPE.LEN 'SHAPE.LEN' false false true 0 Double 0 0 ,First,#" # "Database Connections\DPD_Admin_GISP.sde\DPD.ECA\DPD.flood"</Process><Process Name="Delete Features (3)" ToolSource="C:\Program Files\ArcGIS\ArcToolbox\Toolboxes\Data Management Tools.tbx\DeleteFeatures" Date="20100202" Time="100717">DeleteFeatures "Database Connections\DPD_Admin_GISP.sde\DPD.ECA\DPD.flood" "Database Connections\DPD_Admin_GISP.sde\DPD.ECA\DPD.flood"</Process><Process Name="Append (3)" ToolSource="C:\Program Files\ArcGIS\ArcToolbox\Toolboxes\Data Management Tools.tbx\Append" Date="20100202" Time="100722">Append ECA_SPU_Floodprone1_Layer "Database Connections\DPD_Admin_GISP.sde\DPD.ECA\DPD.flood" NO_TEST "DONUT 'DONUT' true true false 2 Short 0 1 ,First,#;FLOOD 'FLOOD' true true false 1 Text 0 0 ,First,#,U:\cgis3\ArcMap\Users\KenMar\FloodPlainWork\DerivedLayers\ECA_SPU_Floodprone1.shp,flood,-1,-1;SE_ANNO_CAD_DATA 'SE_ANNO_CAD_DATA' true true false 0 Blob 0 0 ,First,#;SHAPE.AREA 'SHAPE.AREA' false false true 0 Double 0 0 ,First,#;SHAPE.LEN 'SHAPE.LEN' false false true 0 Double 0 0 ,First,#" # "Database Connections\DPD_Admin_GISP.sde\DPD.ECA\DPD.flood"</Process><Process Name="Delete Features (3)" ToolSource="C:\Program Files\ArcGIS\ArcToolbox\Toolboxes\Data Management Tools.tbx\DeleteFeatures" Date="20100202" Time="101243">DeleteFeatures "Database Connections\DPD_Admin_GISP.sde\DPD.ECA\DPD.flood" "Database Connections\DPD_Admin_GISP.sde\DPD.ECA\DPD.flood"</Process><Process Name="Append (3)" ToolSource="C:\Program Files\ArcGIS\ArcToolbox\Toolboxes\Data Management Tools.tbx\Append" Date="20100202" Time="101248">Append ECA_SPU_Floodprone1_Layer "Database Connections\DPD_Admin_GISP.sde\DPD.ECA\DPD.flood" NO_TEST "DONUT 'DONUT' true true false 2 Short 0 1 ,First,#;FLOOD 'FLOOD' true true false 1 Text 0 0 ,First,#,U:\cgis3\ArcMap\Users\KenMar\FloodPlainWork\DerivedLayers\ECA_SPU_Floodprone1.shp,flood,-1,-1;SE_ANNO_CAD_DATA 'SE_ANNO_CAD_DATA' true true false 0 Blob 0 0 ,First,#;SHAPE.AREA 'SHAPE.AREA' false false true 0 Double 0 0 ,First,#;SHAPE.LEN 'SHAPE.LEN' false false true 0 Double 0 0 ,First,#" # "Database Connections\DPD_Admin_GISP.sde\DPD.ECA\DPD.flood"</Process><Process ToolSource="D:\ArcGIS\ArcToolbox\Toolboxes\Data Management Tools.tbx\Merge" Date="20100722" Time="121957">Merge Original;new "J:\USM\WS722\Public\Reese\Flood Updates.mdb\Original_Merge" "DONUT 'DONUT' true true false 2 Short 0 0 ,First,#,Original,DONUT,-1,-1;FLOOD 'FLOOD' true true false 1 Text 0 0 ,First,#,Original,FLOOD,-1,-1;SHAPE_Length 'SHAPE_Length' false true true 8 Double 0 0 ,First,#,Original,SHAPE_Length,-1,-1,new,Shape_Length,-1,-1;SHAPE_Area 'SHAPE_Area' false true true 8 Double 0 0 ,First,#,Original,SHAPE_Area,-1,-1,new,Shape_Area,-1,-1"</Process><Process ToolSource="D:\ArcGIS\ArcToolbox\Toolboxes\Conversion Tools.tbx\FeatureClassToFeatureClass" Date="20100722" Time="151122">FeatureClassToFeatureClass "Database Connections\dpd to GISD.sde\DPD.DPD_Flood" R:\dataadmin\inbox\repository FLOOD.shp # "DONUT 'DONUT' true true false 2 Short 0 5 ,First,#,Database Connections\dpd to GISD.sde\DPD.DPD_Flood,DONUT,-1,-1;FLOOD 'FLOOD' true true false 1 Text 0 0 ,First,#,Database Connections\dpd to GISD.sde\DPD.DPD_Flood,FLOOD,-1,-1;SHAPE_AREA 'SHAPE_AREA' false false true 0 Double 0 0 ,First,#,Database Connections\dpd to GISD.sde\DPD.DPD_Flood,SHAPE.AREA,-1,-1;SHAPE_LEN 'SHAPE_LEN' false false true 0 Double 0 0 ,First,#,Database Connections\dpd to GISD.sde\DPD.DPD_Flood,SHAPE.LEN,-1,-1" # R:\dataadmin\inbox\repository\FLOOD.shp</Process></lineage></DataProperties><SyncDate>20100722</SyncDate><SyncTime>15112100</SyncTime><ModDate>20100722</ModDate><ModTime>15112100</ModTime><MetaID>{78E783E9-6FAF-46D6-B20E-96920754A058}</MetaID></Esri><idinfo><native Sync="TRUE">Microsoft Windows XP Version 5.1 (Build 2600) Service Pack 2; ESRI ArcCatalog 9.3.1.4000</native><descript><langdata Sync="TRUE">en</langdata><abstract>FEMA flood prone areas with 100 foot buffer.  Original flood prone areas where table digitized into the City of Seattle GIS  CGDB control layer in the mid 90's.  The 100 buffer was added in 2007 in order to prevent flood prone area ommisions during initial site observations and plan review.  Layer may be used without the buffer by unselecting or defining out the flood = 1 feature type.</abstract><purpose>This layer is used by the City as an aid to evaluate construction sites for the presence of flood prone areas pertinent to Environmentally Critical Areas regulations.</purpose></descript><citation><citeinfo><origin>REQUIRED: The name of an organization or individual that developed the data set.</origin><pubdate>REQUIRED: The date when the data set is published or otherwise made available for release.</pubdate><title Sync="TRUE">FLOOD</title><ftname Sync="TRUE">FLOOD</ftname><geoform Sync="TRUE">vector digital data</geoform><onlink Sync="TRUE">\\spu52\SPU GIS\dataadmin\inbox\repository\FLOOD.shp</onlink></citeinfo></citation><timeperd><current>publication date</current><timeinfo><sngdate><caldate>unknown</caldate></sngdate></timeinfo></timeperd><status><progress>Complete</progress><update>As needed</update></status><spdom><bounding><westbc Sync="TRUE">-122.380053</westbc><eastbc Sync="TRUE">-122.266400</eastbc><northbc Sync="TRUE">47.729582</northbc><southbc Sync="TRUE">47.528108</southbc></bounding><lboundng><leftbc Sync="TRUE">1259782.000005</leftbc><rightbc Sync="TRUE">1286398.374942</rightbc><bottombc Sync="TRUE">196448.796823</bottombc><topbc Sync="TRUE">269437.843803</topbc></lboundng></spdom><keywords><theme><themekt>floodprone</themekt><themekey>ECA</themekey><themekey>FLOOD</themekey><themekey>FIRM</themekey><themekey>CRITICAL AREA</themekey></theme></keywords><accconst>No warranties of any sort, including accuracy, 
fitness, or merchantability accompany this product.</accconst><useconst>No warranties of any sort, including accuracy, 
fitness, or merchantability accompany this product.</useconst><natvform Sync="TRUE">Shapefile</natvform><ptcontac><cntinfo><cntperp><cntper>Ken Mar</cntper><cntorg>Department of Planning and Development</cntorg></cntperp><cntpos>GIS system analyst</cntpos><cntvoice>2066845020</cntvoice><cntemail>ken.mar@seattle.gov</cntemail></cntinfo></ptcontac></idinfo><dataIdInfo><envirDesc Sync="TRUE">Microsoft Windows XP Version 5.1 (Build 2600) Service Pack 2; ESRI ArcCatalog 9.3.1.4000</envirDesc><dataLang><languageCode Sync="TRUE" value="en"></languageCode></dataLang><idCitation><resTitle Sync="TRUE">FLOOD</resTitle><presForm><PresFormCd Sync="TRUE" value="005"></PresFormCd></presForm></idCitation><spatRpType><SpatRepTypCd Sync="TRUE" value="001"></SpatRepTypCd></spatRpType><dataExt><geoEle><GeoBndBox esriExtentType="native"><westBL Sync="TRUE">1259782.000005</westBL><eastBL Sync="TRUE">1286398.374942</eastBL><northBL Sync="TRUE">269437.843803</northBL><southBL Sync="TRUE">196448.796823</southBL><exTypeCode Sync="TRUE">1</exTypeCode></GeoBndBox></geoEle></dataExt><geoBox esriExtentType="decdegrees"><westBL Sync="TRUE">-122.380053</westBL><eastBL Sync="TRUE">-122.2664</eastBL><northBL Sync="TRUE">47.729582</northBL><southBL Sync="TRUE">47.528108</southBL><exTypeCode Sync="TRUE">1</exTypeCode></geoBox></dataIdInfo><metainfo><langmeta Sync="TRUE">en</langmeta><metstdn Sync="TRUE">FGDC Content Standards for Digital Geospatial Metadata</metstdn><metstdv Sync="TRUE">FGDC-STD-001-1998</metstdv><mettc Sync="TRUE">local time</mettc><metc><cntinfo><cntorgp><cntper>REQUIRED: The person responsible for the metadata information.</cntper><cntorg>REQUIRED: The organization responsible for the metadata information.</cntorg></cntorgp><cntaddr><addrtype>REQUIRED: The mailing and/or physical address for the organization or individual.</addrtype><city>REQUIRED: The city of the address.</city><state>REQUIRED: The state or province of the address.</state><postal>REQUIRED: The ZIP or other postal code of the address.</postal></cntaddr><cntvoice>REQUIRED: The telephone number by which individuals can speak to the organization or individual.</cntvoice></cntinfo></metc><metd Sync="TRUE">20100722</metd><metextns><onlink Sync="TRUE">http://www.esri.com/metadata/esriprof80.html</onlink><metprof Sync="TRUE">ESRI Metadata Profile</metprof></metextns></metainfo><mdLang><languageCode Sync="TRUE" value="en"></languageCode></mdLang><mdStanName Sync="TRUE">ISO 19115 Geographic Information - Metadata</mdStanName><mdStanVer Sync="TRUE">DIS_ESRI1.0</mdStanVer><mdChar><CharSetCd Sync="TRUE" value="004"></CharSetCd></mdChar><mdHrLv><ScopeCd Sync="TRUE" value="005"></ScopeCd></mdHrLv><mdHrLvName Sync="TRUE">dataset</mdHrLvName><distinfo><resdesc Sync="TRUE">Downloadable Data</resdesc><stdorder><digform><digtinfo><transize Sync="TRUE">0.000</transize><dssize Sync="TRUE">0.000</dssize></digtinfo></digform></stdorder></distinfo><distInfo><distributor><distorTran><onLineSrc><orDesc Sync="TRUE">002</orDesc><linkage Sync="TRUE">file://\\spu52\SPU GIS\dataadmin\inbox\repository\FLOOD.shp</linkage><protocol Sync="TRUE">Local Area Network</protocol></onLineSrc><transSize Sync="TRUE">0.000</transSize></distorTran><distorFormat><formatName Sync="TRUE">Shapefile</formatName></distorFormat></distributor></distInfo><spdoinfo><direct Sync="TRUE">Vector</direct><ptvctinf><esriterm Name="FLOOD"><efeatyp Sync="TRUE">Simple</efeatyp><efeageom Sync="TRUE">Polygon</efeageom><esritopo Sync="TRUE">FALSE</esritopo><efeacnt Sync="TRUE">0</efeacnt><spindex Sync="TRUE">FALSE</spindex><linrefer Sync="TRUE">FALSE</linrefer></esriterm><sdtsterm Name="FLOOD"><sdtstype Sync="TRUE">G-polygon</sdtstype><ptvctcnt Sync="TRUE">0</ptvctcnt></sdtsterm></ptvctinf></spdoinfo><spref><horizsys><cordsysn><geogcsn Sync="TRUE">GCS_North_American_1983_HARN</geogcsn><projcsn Sync="TRUE">NAD_1983_HARN_StatePlane_Washington_North_FIPS_4601_Feet</projcsn></cordsysn><planar><planci><plance Sync="TRUE">coordinate pair</plance><plandu Sync="TRUE">survey feet</plandu><coordrep><absres Sync="TRUE">0.000000</absres><ordres Sync="TRUE">0.000000</ordres></coordrep></planci><mapproj><mapprojn Sync="TRUE">Lambert Conformal Conic</mapprojn><lambertc><stdparll Sync="TRUE">47.500000</stdparll><stdparll Sync="TRUE">48.733333</stdparll><longcm Sync="TRUE">-120.833333</longcm><latprjo Sync="TRUE">47.000000</latprjo><feast Sync="TRUE">1640416.666667</feast><fnorth Sync="TRUE">0.000000</fnorth></lambertc></mapproj></planar><geodetic><horizdn Sync="TRUE">D_North_American_1983_HARN</horizdn><ellips Sync="TRUE">Geodetic Reference System 80</ellips><semiaxis Sync="TRUE">6378137.000000</semiaxis><denflat Sync="TRUE">298.257222</denflat></geodetic></horizsys><vertdef><altsys><altenc Sync="TRUE">Explicit elevation coordinate included with horizontal coordinates</altenc><altres Sync="TRUE">0.000122</altres></altsys></vertdef></spref><refSysInfo><RefSystem><refSysID><identCode Sync="TRUE">NAD_1983_HARN_StatePlane_Washington_North_FIPS_4601_Feet</identCode></refSysID></RefSystem></refSysInfo><spatRepInfo><VectSpatRep><topLvl><TopoLevCd Sync="TRUE" value="001"></TopoLevCd></topLvl><geometObjs Name="FLOOD"><geoObjTyp><GeoObjTypCd Sync="TRUE" value="001"></GeoObjTypCd></geoObjTyp><geoObjCnt Sync="TRUE">0</geoObjCnt></geometObjs></VectSpatRep></spatRepInfo><eainfo><detailed Name="FLOOD"><enttyp><enttypl Sync="TRUE">FLOOD</enttypl><enttypt Sync="TRUE">Feature Class</enttypt><enttypc Sync="TRUE">0</enttypc></enttyp><attr><attrlabl Sync="TRUE">FID</attrlabl><attalias Sync="TRUE">FID</attalias><attrtype Sync="TRUE">OID</attrtype><attwidth Sync="TRUE">4</attwidth><atprecis Sync="TRUE">0</atprecis><attscale Sync="TRUE">0</attscale><attrdef Sync="TRUE">Internal feature number.</attrdef><attrdefs Sync="TRUE">ESRI</attrdefs><attrdomv><udom Sync="TRUE">Sequential unique whole numbers that are automatically generated.</udom></attrdomv></attr><attr><attrlabl Sync="TRUE">DONUT</attrlabl><attalias Sync="TRUE">DONUT</attalias><attrtype Sync="TRUE">Number</attrtype><attwidth Sync="TRUE">5</attwidth></attr><attr><attrlabl Sync="TRUE">FLOOD</attrlabl><attalias Sync="TRUE">FLOOD</attalias><attrtype Sync="TRUE">String</attrtype><attwidth Sync="TRUE">1</attwidth></attr><attr><attrlabl Sync="TRUE">SHAPE</attrlabl><attalias Sync="TRUE">Shape</attalias><attrtype Sync="TRUE">Geometry</attrtype><attwidth Sync="TRUE">0</attwidth><atprecis Sync="TRUE">0</atprecis><attscale Sync="TRUE">0</attscale><attrdef Sync="TRUE">Feature geometry.</attrdef><attrdefs Sync="TRUE">ESRI</attrdefs><attrdomv><udom Sync="TRUE">Coordinates defining the features.</udom></attrdomv></attr><attr><attrlabl Sync="TRUE">Shape_Area</attrlabl><attalias Sync="TRUE">SHAPE_AREA</attalias><attrtype Sync="TRUE">Double</attrtype><attwidth Sync="TRUE">19</attwidth><atprecis Sync="TRUE">0</atprecis><attscale Sync="TRUE">0</attscale><attrdef Sync="TRUE">Area of feature in internal units squared.</attrdef><attrdefs Sync="TRUE">ESRI</attrdefs><attrdomv><udom Sync="TRUE">Positive real numbers that are automatically generated.</udom></attrdomv></attr><attr><attrlabl Sync="TRUE">SHAPE_LEN</attrlabl><attalias Sync="TRUE">SHAPE_LEN</attalias><attrtype Sync="TRUE">Float</attrtype><attwidth Sync="TRUE">19</attwidth><atnumdec Sync="TRUE">11</atnumdec></attr></detailed></eainfo><mdDateSt Sync="TRUE">20100722</mdDateSt><dataqual><posacc><horizpa><horizpar>+- 20 feet</horizpar></horizpa></posacc><lineage><srcinfo><srccitea>FEMA FIRM maps</srccitea><srccontr>FEMA FIRM flood insuranmce rate maps  (hard copy)</srccontr></srcinfo><procstep><procdesc Sync="TRUE">Dataset copied.</procdesc><srcused Sync="TRUE">Server=spu71; Service=5151; User=dpd; Version=SDE.DEFAULT</srcused><procdate Sync="TRUE">20100722</procdate><proctime Sync="TRUE">12052100</proctime></procstep><procstep><procdesc Sync="TRUE">Dataset copied.</procdesc><srcused Sync="TRUE">\\SPUCOMMON-SVR\COMMON\USM\WS722\Public\Reese\Flood Updates.mdb</srcused><procdate Sync="TRUE">20100722</procdate><proctime Sync="TRUE">15050000</proctime></procstep></lineage></dataqual></metadata>
